precision,recall,f1,fuzzy_precision,fuzzy_recall,fuzzy_f1,hausdorff_distance,threshold
0.17,0.9733464955577492,0.28944664611771614,0.4956896551724138,0.8925799441167339,0.6374016184458485,40.718546143004666,0.3
