precision,recall,f1,fuzzy_precision,fuzzy_recall,fuzzy_f1,hausdorff_distance,threshold
0.17142365887207703,0.9842053307008884,0.291990042465954,0.49707702888583216,0.8975473455448618,0.6398140975987606,40.718546143004666,0.3
