precision,recall,f1,fuzzy_precision,fuzzy_recall,fuzzy_f1,hausdorff_distance,threshold
0.16712898751733704,0.9516288252714709,0.28432384604040706,0.49289181692094314,0.8826451412604781,0.6325508955389921,40.718546143004666,0.3
